order_date,delivery_date
11/2/16,11/4/16
6/19/12,6/22/12
12/26/14,12/31/14
10/25/13,11/8/13
5/7/18,5/12/18
5/7/17,5/15/17
3/8/13,3/15/13
3/3/10,4/7/10
6/5/23,6/19/23
2/22/15,2/27/15
2/20/21,2/23/21
7/17/18,7/20/18
11/11/13,11/18/13
4/21/14,4/24/14
3/9/22,3/15/22
3/22/23,4/5/23
2/18/11,2/25/11
4/19/23,5/22/23
9/18/21,9/22/21
9/11/19,9/21/19
8/17/17,8/31/17
6/4/23,6/9/23
9/8/12,9/12/12
12/26/14,1/5/15
4/3/10,4/10/10
7/12/20,7/15/20
12/8/18,12/13/18
3/5/15,3/7/15
4/23/11,4/28/11
6/1/11,6/13/11
9/5/14,9/15/14
4/1/18,4/9/18
1/9/14,1/13/14
4/12/17,4/19/17
7/4/11,7/9/11
8/10/18,8/15/18
6/3/13,6/10/13
11/6/12,11/12/12
12/15/18,12/18/18
9/26/20,10/10/20
10/3/21,10/9/21
6/18/15,7/15/15
1/27/11,1/29/11
9/17/16,9/30/16
9/28/22,10/3/22
9/30/22,10/7/22
11/10/22,11/15/22
2/7/16,2/12/16
12/21/11,12/27/11
6/4/12,6/11/12
3/2/24,3/9/24
9/2/16,9/5/16
7/22/13,7/29/13
11/16/20,11/21/20
10/12/24,10/26/24
7/26/14,8/5/14
5/13/10,5/28/10
3/30/24,4/5/24
10/7/20,10/22/20
12/25/16,1/2/17
2/11/21,2/18/21
6/29/16,7/4/16
9/6/23,9/8/23
5/1/10,5/12/10
3/28/14,4/4/14
10/1/11,10/5/11
1/2/23,1/9/23
10/27/11,11/1/11
2/23/21,2/27/21
6/26/12,7/9/12
10/1/23,10/5/23
10/27/20,11/11/20
12/18/24,12/21/24
10/30/19,11/2/19
3/8/22,3/14/22
6/8/21,6/22/21
1/8/15,1/15/15
11/16/24,11/21/24
1/7/17,1/14/17
3/10/14,3/12/14
8/19/22,10/3/22
7/5/10,7/27/10
3/31/16,4/4/16
7/20/10,7/27/10
10/19/20,10/24/20
11/11/24,11/28/24
9/12/11,9/14/11
11/13/10,11/24/10
5/12/20,5/14/20
2/14/18,2/24/18
2/5/19,3/19/19
6/16/15,6/23/15
7/16/22,7/29/22
11/26/11,11/30/11
2/15/24,2/19/24
8/4/18,8/9/18
9/1/17,9/13/17
9/6/23,9/11/23
9/11/18,9/13/18
11/27/22,12/26/22
3/28/19,4/4/19
1/7/14,1/10/14
10/25/16,10/29/16
9/7/13,9/16/13
6/14/21,6/17/21
12/17/24,12/21/24
4/19/22,4/22/22
11/13/19,11/23/19
6/5/13,6/8/13
5/6/16,5/13/16
8/27/13,9/2/13
6/3/15,6/8/15
2/24/10,2/26/10
11/14/17,11/20/17
2/25/10,3/3/10
3/4/13,3/19/13
2/3/15,2/9/15
8/7/23,8/10/23
8/26/20,9/7/20
5/9/16,5/12/16
8/2/22,8/8/22
1/9/17,1/16/17
9/10/13,9/19/13
2/16/15,2/28/15
1/4/15,1/10/15
6/4/20,6/8/20
2/1/17,3/7/17
8/22/23,9/15/23
5/16/18,5/25/18
9/30/24,10/5/24
11/20/16,11/24/16
4/3/23,4/8/23
11/29/11,12/1/11
2/24/19,3/6/19
6/17/21,6/22/21
2/4/10,2/8/10
7/11/12,7/18/12
1/17/13,1/31/13
7/31/13,8/3/13
9/10/15,9/19/15
1/23/19,2/7/19
9/3/21,9/6/21
8/23/16,8/29/16
5/8/24,5/16/24
10/27/21,11/10/21
8/23/20,9/1/20
4/14/10,4/26/10
3/3/18,3/6/18
1/18/11,1/24/11
2/24/20,3/7/20
3/8/12,3/12/12
11/27/19,12/3/19
5/5/12,5/11/12
9/7/20,9/12/20
6/1/24,6/4/24
1/28/24,2/10/24
6/16/15,6/23/15
9/1/22,9/5/22
12/16/21,12/18/21
10/23/20,10/29/20
10/30/22,11/3/22
9/3/23,9/6/23
6/6/18,7/6/18
12/4/10,12/9/10
8/17/18,8/31/18
6/16/19,6/18/19
9/12/20,9/15/20
11/6/20,11/9/20
6/3/13,6/12/13
3/7/21,3/10/21
8/16/12,8/22/12
2/18/14,3/4/14
1/6/18,1/12/18
1/13/22,1/20/22
3/1/14,3/5/14
10/11/13,10/14/13
7/28/11,8/9/11
5/11/18,5/14/18
10/7/20,11/17/20
8/12/23,8/26/23
11/13/11,11/15/11
2/10/14,2/24/14
2/22/24,3/4/24
1/5/13,1/12/13
8/25/12,8/31/12
9/20/24,9/27/24
8/17/19,8/22/19
4/12/20,4/23/20
11/3/11,11/5/11
1/30/11,2/5/11
7/5/12,7/16/12
2/25/15,3/11/15
10/20/21,10/25/21
6/10/18,6/22/18
10/6/15,10/10/15
3/8/12,3/12/12
11/28/22,12/1/22
3/21/22,3/28/22
2/11/14,2/13/14
10/2/21,10/9/21
12/24/24,12/30/24
8/9/14,8/15/14
8/6/23,8/9/23
11/17/12,11/20/12
7/20/14,7/31/14
4/14/18,4/26/18
5/2/10,5/10/10
11/19/24,12/2/24
3/13/23,3/16/23
2/25/23,3/6/23
2/3/15,2/6/15
3/30/20,4/2/20
12/9/19,12/19/19
12/9/13,12/14/13
6/10/16,6/16/16
8/29/15,9/9/15
9/3/12,9/10/12
9/28/24,10/8/24
6/6/21,6/8/21
1/23/14,1/25/14
2/11/13,2/18/13
8/27/17,8/31/17
7/6/18,7/9/18
6/20/13,6/24/13
1/12/12,1/16/12
3/17/11,4/15/11
12/16/20,12/19/20
7/16/15,7/25/15
1/27/19,2/4/19
2/12/16,2/25/16
8/26/14,9/1/14
6/14/12,6/20/12
10/30/15,11/2/15
3/6/22,3/21/22
11/5/18,11/12/18
7/2/10,7/9/10
8/1/20,8/8/20
11/22/23,11/28/23
5/9/19,5/20/19
10/15/16,10/25/16
5/25/24,6/10/24
2/24/21,3/2/21
10/23/14,11/6/14
2/16/14,2/22/14
9/1/22,9/5/22
2/6/17,2/13/17
5/27/22,6/9/22
4/17/22,4/20/22
11/4/10,11/6/10
11/24/16,11/28/16
9/4/17,9/8/17
5/18/13,5/25/13
5/24/17,6/7/17
1/21/20,1/23/20
6/7/20,6/10/20
5/22/24,5/25/24
5/23/10,6/2/10
12/20/15,12/30/15
12/6/16,12/14/16
9/14/24,9/30/24
11/12/14,11/20/14
2/17/11,2/23/11
5/16/21,5/19/21
5/15/23,5/20/23
5/28/12,6/4/12
12/14/24,12/23/24
2/24/24,2/27/24
12/28/24,1/2/25
8/19/18,8/21/18
3/26/22,3/31/22
12/26/14,1/2/15
5/26/17,5/29/17
1/27/21,1/30/21
8/15/22,8/20/22
1/13/19,1/25/19
12/8/18,12/13/18
11/13/21,11/26/21
4/9/12,4/23/12
5/3/18,5/5/18
1/14/15,1/29/15
11/15/22,11/19/22
7/27/14,7/31/14
1/28/15,2/2/15
2/17/11,2/22/11
5/13/20,6/25/20
6/23/19,6/25/19
6/18/23,6/24/23
10/21/21,10/28/21
2/26/24,3/1/24
4/22/23,4/29/23
9/20/17,9/27/17
10/20/11,11/17/11
9/9/12,9/11/12
8/16/22,8/19/22
2/13/20,2/21/20
10/10/20,10/24/20
10/23/14,10/27/14
3/11/15,3/16/15
2/7/21,2/11/21
6/30/20,7/2/20
10/20/24,10/28/24
4/26/14,5/2/14
1/9/10,2/16/10
12/2/10,12/6/10
3/13/14,3/19/14
4/22/14,4/29/14
8/20/23,8/24/23
10/4/14,10/11/14
2/22/22,3/9/22
12/31/12,1/9/13
9/11/21,9/15/21
7/31/23,8/25/23
7/6/12,7/11/12
8/10/12,8/17/12
4/5/23,4/19/23
12/25/14,12/29/14
1/6/13,1/21/13
9/8/10,9/14/10
5/31/18,6/5/18
11/8/19,12/17/19
7/27/21,7/30/21
11/14/10,11/27/10
10/24/20,11/6/20
2/23/21,3/1/21
8/22/11,9/5/11
8/14/18,8/31/18
8/10/20,8/13/20
12/29/23,1/1/24
8/21/21,8/28/21
2/6/18,2/8/18
3/15/16,3/19/16
4/24/11,4/26/11
3/12/24,3/25/24
3/23/12,4/5/12
1/29/21,2/1/21
12/31/24,1/2/25
11/16/18,12/1/18
8/27/15,8/31/15
7/21/20,7/27/20
1/6/18,1/10/18
7/16/13,7/19/13
1/9/21,1/16/21
7/5/13,7/18/13
12/26/20,12/29/20
3/8/20,3/23/20
10/28/13,10/30/13
4/7/23,4/13/23
8/2/19,9/9/19
8/8/19,8/19/19
12/19/13,12/23/13
8/13/21,8/20/21
4/12/21,4/17/21
9/8/15,9/11/15
4/27/11,5/11/11
4/20/15,4/24/15
2/9/22,2/14/22
8/20/16,8/22/16
4/17/16,4/21/16
3/9/21,3/11/21
8/2/22,8/12/22
5/2/17,5/15/17
11/23/11,11/28/11
6/5/16,6/13/16
5/11/21,5/14/21
1/23/22,1/28/22
9/6/16,9/8/16
1/25/18,2/1/18
6/23/14,6/28/14
2/7/22,2/9/22
10/2/11,10/7/11
5/18/12,5/24/12
6/21/14,6/27/14
4/11/24,4/17/24
3/31/22,4/4/22
11/14/22,11/16/22
6/23/23,6/30/23
12/8/11,12/15/11
10/29/10,11/4/10
6/9/13,6/12/13
9/2/24,9/5/24
3/3/16,3/5/16
1/23/21,1/29/21
10/3/16,10/6/16
10/4/10,10/9/10
9/28/11,9/30/11
4/6/23,4/12/23
9/24/23,9/30/23
2/20/24,2/26/24
4/14/13,4/20/13
10/1/23,10/3/23
11/25/20,12/2/20
5/27/19,5/31/19
12/22/10,1/1/11
7/6/17,7/13/17
5/3/24,5/9/24
7/5/18,7/7/18
6/26/23,6/29/23
9/1/24,9/12/24
7/9/11,7/20/11
4/3/21,4/8/21
6/19/18,6/25/18
8/16/13,8/20/13
11/17/22,11/25/22
5/6/12,5/10/12
12/27/12,1/10/13
1/3/17,1/6/17
2/6/16,2/15/16
11/17/12,11/22/12
6/18/13,6/25/13
3/27/23,3/31/23
9/27/15,10/5/15
6/16/14,6/18/14
4/18/12,4/25/12
10/5/16,10/10/16
4/11/17,4/14/17
6/10/14,6/16/14
7/27/24,7/30/24
3/29/15,4/9/15
12/14/14,12/22/14
7/10/20,7/13/20
6/8/12,6/12/12
7/14/12,7/20/12
7/3/15,7/6/15
11/23/15,11/25/15
4/14/13,4/25/13
5/26/17,7/10/17
5/24/15,5/27/15
3/27/12,4/3/12
5/1/11,5/3/11
2/7/12,2/11/12
3/7/18,3/12/18
12/1/16,12/5/16
4/29/19,5/14/19
5/12/19,5/18/19
11/17/17,11/20/17
10/26/16,11/2/16
3/11/19,3/18/19
12/14/15,12/21/15
10/16/17,10/28/17
7/13/19,7/15/19
7/1/12,7/6/12
6/23/18,7/4/18
5/18/11,5/20/11
1/29/24,2/5/24
12/22/10,1/6/11
2/21/18,2/24/18
4/18/16,4/21/16
1/21/18,1/27/18
12/19/15,12/25/15
9/2/11,9/5/11
1/18/15,1/31/15
3/6/20,3/10/20
5/23/16,5/30/16
3/23/19,3/29/19
4/16/13,4/24/13
5/27/23,5/31/23
10/4/17,10/16/17
6/19/11,6/23/11
7/24/21,7/28/21
3/11/18,3/15/18
5/10/13,5/16/13
7/3/24,7/19/24
12/3/14,12/5/14
12/18/15,12/30/15
11/14/11,11/16/11
2/18/17,2/20/17
1/27/16,2/3/16
3/8/15,3/11/15
11/8/17,11/10/17
7/14/18,7/24/18
10/31/20,12/2/20
10/28/10,11/1/10
2/7/14,2/11/14
7/9/22,7/21/22
9/10/21,9/15/21
8/20/20,8/28/20
3/6/21,3/10/21
12/18/13,12/30/13
10/17/11,10/24/11
7/5/22,7/8/22
11/1/17,11/14/17
5/7/18,6/13/18
3/25/10,3/30/10
12/25/19,1/2/20
6/4/18,6/13/18
5/20/13,5/27/13
10/15/16,10/19/16
8/25/12,8/27/12
2/25/12,3/6/12
11/8/13,11/16/13
5/24/20,5/27/20
3/14/17,3/21/17
9/18/13,10/1/13
3/25/15,4/6/15
6/3/16,6/15/16
9/9/24,9/18/24
1/29/11,2/19/11
2/23/16,3/1/16
9/10/17,9/21/17
4/30/17,5/5/17
6/26/16,7/4/16
5/5/10,5/10/10
5/20/16,5/23/16
9/3/17,9/18/17
7/1/24,7/10/24
7/9/15,7/13/15
5/11/14,5/16/14
4/1/23,4/3/23
10/7/17,10/11/17
7/5/23,7/17/23
12/13/17,12/18/17
9/1/12,9/3/12
10/18/20,10/26/20
3/1/13,3/8/13
3/12/16,3/21/16
8/24/12,8/27/12
10/2/13,10/23/13
5/16/17,5/18/17
4/11/19,4/22/19
12/28/22,1/2/23
4/25/17,4/27/17
4/11/24,4/19/24
9/10/11,9/20/11
3/28/10,4/5/10
7/8/17,7/10/17
5/10/16,5/13/16
6/22/18,6/25/18
7/25/14,8/5/14
2/15/17,2/22/17
7/2/22,7/7/22
5/10/15,5/15/15
1/21/24,1/31/24
1/14/19,1/19/19
2/7/22,2/14/22
8/4/12,8/10/12
8/29/18,9/3/18
7/17/12,7/20/12
4/7/24,4/15/24
7/28/23,8/7/23
4/2/19,4/5/19
5/15/24,5/25/24
4/26/22,4/28/22
3/29/21,4/3/21
11/11/12,11/22/12
7/24/11,8/1/11
6/20/12,6/29/12
11/15/20,11/20/20
8/25/13,8/27/13
3/26/10,3/31/10
2/28/13,3/14/13
5/24/18,6/15/18
4/6/20,4/13/20
12/31/13,1/7/14
11/17/24,12/2/24
11/22/20,11/25/20
12/12/19,12/20/19
10/19/17,10/30/17
5/31/16,6/11/16
7/1/16,7/6/16
7/20/19,7/26/19
8/7/15,8/17/15
11/10/20,11/14/20
1/14/21,1/16/21
6/1/16,6/6/16
4/13/13,4/24/13
12/1/11,12/7/11
12/25/19,12/27/19
5/6/18,5/10/18
2/10/12,2/13/12
8/22/21,8/27/21
2/5/11,2/7/11
7/13/19,7/16/19
11/7/13,11/11/13
11/27/19,12/9/19
4/23/12,4/27/12
12/30/22,1/2/23
2/22/24,3/6/24
2/27/16,3/7/16
11/6/24,11/9/24
2/1/22,2/7/22
1/16/15,1/30/15
8/6/21,8/9/21
2/21/12,2/25/12
11/21/18,11/24/18
2/19/23,2/27/23
11/13/20,11/16/20
12/31/11,1/14/12
8/13/18,8/20/18
6/6/20,6/18/20
12/24/10,12/31/10
12/27/11,1/3/12
4/27/13,5/2/13
10/24/11,11/1/11
11/10/21,12/18/21
4/15/21,4/20/21
1/6/21,1/11/21
9/17/21,9/20/21
1/24/15,2/23/15
2/1/10,2/15/10
3/30/24,4/9/24
2/12/13,3/15/13
1/7/10,1/22/10
8/27/14,8/29/14
2/1/20,2/17/20
4/2/11,4/18/11
8/31/23,9/4/23
4/26/23,5/1/23
8/21/22,8/25/22
12/8/11,12/15/11
5/10/16,5/16/16
3/16/11,3/29/11
9/12/12,9/19/12
1/15/24,1/20/24
11/12/21,11/17/21
12/20/18,12/24/18
9/25/23,9/29/23
12/17/10,12/27/10
10/27/20,11/3/20
11/13/22,11/21/22
10/31/15,11/2/15
10/28/20,11/2/20
7/30/12,8/1/12
1/18/24,1/22/24
11/1/14,11/6/14
1/28/14,2/3/14
12/24/11,1/9/12
8/8/21,8/14/21
5/31/18,6/15/18
8/2/14,8/6/14
4/11/19,4/18/19
12/29/17,1/3/18
8/22/22,9/6/22
3/12/12,3/14/12
5/20/19,5/23/19
6/26/12,7/2/12
2/25/13,3/4/13
3/20/18,3/24/18
3/22/21,3/25/21
2/13/20,2/28/20
6/24/10,7/7/10
3/10/20,3/19/20
10/21/20,10/26/20
2/19/18,2/26/18
11/21/24,11/29/24
9/2/12,9/5/12
3/14/21,3/20/21
3/5/14,4/3/14
8/19/14,8/23/14
3/20/17,3/22/17
4/23/24,5/6/24
7/18/14,7/28/14
7/21/11,8/15/11
4/23/11,5/9/11
11/10/23,11/13/23
7/6/12,7/12/12
7/17/17,7/25/17
4/24/17,4/27/17
10/24/17,10/30/17
1/2/10,1/7/10
3/18/24,3/25/24
9/8/21,9/15/21
8/6/21,8/12/21
3/7/16,3/11/16
7/8/19,7/11/19
3/2/13,3/9/13
5/28/19,5/30/19
11/12/21,11/18/21
10/10/14,10/13/14
3/5/11,3/11/11
7/7/15,7/10/15
12/11/23,12/16/23
9/13/16,9/19/16
8/7/24,8/12/24
11/5/14,11/17/14
3/7/14,3/11/14
1/5/22,1/11/22
4/5/13,4/12/13
7/2/12,7/7/12
12/15/22,1/7/23
12/28/22,1/10/23
3/18/10,4/12/10
9/6/22,9/13/22
2/15/12,2/25/12
3/13/23,3/23/23
9/6/15,9/12/15
10/25/18,11/2/18
8/9/20,8/11/20
3/27/17,4/6/17
2/2/10,2/16/10
7/11/12,7/25/12
3/14/20,3/21/20
1/16/20,1/18/20
5/2/11,6/6/11
11/5/16,11/14/16
5/7/18,5/14/18
8/19/12,8/23/12
12/21/11,12/29/11
10/17/13,10/22/13
8/25/14,9/1/14
7/22/12,7/26/12
7/25/12,7/28/12
10/22/18,12/1/18
2/26/17,3/1/17
12/24/19,1/3/20
4/22/24,4/27/24
10/11/13,10/14/13
8/18/19,8/20/19
4/20/18,4/27/18
7/14/23,7/19/23
5/31/15,6/3/15
1/24/18,1/30/18
7/22/16,7/25/16
12/18/19,12/23/19
2/1/13,2/5/13
11/29/22,12/5/22
4/22/19,4/29/19
9/23/18,9/27/18
12/10/10,12/16/10
8/9/17,8/15/17
6/21/20,7/4/20
6/23/18,7/30/18
7/23/14,7/26/14
10/30/19,11/4/19
11/18/17,11/30/17
7/31/21,8/2/21
11/14/14,11/17/14
12/21/18,12/27/18
11/5/19,11/7/19
8/13/14,8/25/14
4/20/12,4/28/12
4/2/24,4/9/24
3/7/21,3/22/21
8/20/23,8/31/23
7/15/21,7/23/21
2/1/21,2/8/21
7/9/19,7/16/19
1/14/21,1/18/21
12/6/14,12/8/14
7/24/14,7/29/14
7/22/21,7/31/21
11/20/11,11/23/11
7/17/18,7/20/18
10/2/20,10/6/20
12/14/24,12/16/24
3/20/23,3/24/23
3/8/17,3/13/17
1/21/19,2/1/19
11/15/23,11/17/23
1/17/16,2/1/16
3/25/21,4/3/21
8/25/24,9/4/24
11/11/12,11/21/12
1/30/20,2/3/20
9/24/16,9/27/16
6/29/20,7/2/20
1/3/13,1/5/13
1/12/13,1/25/13
2/24/21,3/5/21
8/19/23,9/12/23
12/26/24,12/30/24
2/16/20,2/28/20
8/20/18,8/25/18
5/14/20,5/18/20
9/5/15,10/12/15
3/30/19,4/4/19
6/27/16,6/30/16
6/24/24,7/1/24
7/7/20,7/9/20
1/18/17,1/25/17
2/10/12,2/14/12
7/18/18,7/30/18
6/14/15,6/27/15
5/27/24,5/30/24
11/3/20,11/9/20
12/13/23,12/18/23
8/30/17,9/4/17
10/16/24,10/26/24
7/6/12,7/17/12
6/12/14,7/5/14
3/16/24,4/5/24
3/2/15,3/11/15
2/18/23,2/20/23
2/24/13,2/26/13
4/19/12,4/23/12
10/27/13,11/7/13
8/12/24,8/20/24
3/4/18,3/13/18
1/26/13,1/31/13
10/1/11,10/4/11
3/16/19,3/25/19
2/7/21,2/12/21
2/15/14,3/1/14
10/1/19,10/7/19
9/4/13,9/16/13
1/6/19,1/9/19
2/7/16,2/12/16
12/26/13,1/2/14
6/23/22,7/6/22
5/22/21,5/25/21
7/8/20,7/15/20
2/8/19,2/15/19
6/14/18,6/21/18
3/11/14,3/21/14
11/11/17,11/25/17
1/1/12,1/9/12
11/5/10,11/12/10
2/23/23,3/2/23
1/21/19,1/29/19
7/30/17,8/9/17
11/13/17,11/18/17
11/30/19,12/11/19
9/13/23,9/20/23
6/2/20,6/5/20
7/23/13,7/30/13
6/25/17,7/4/17
11/27/21,11/29/21
2/18/23,2/21/23
2/27/18,3/7/18
2/20/16,2/29/16
7/19/22,7/25/22
3/28/24,4/10/24
3/25/19,4/6/19
4/13/14,4/19/14
6/13/13,6/18/13
7/14/17,7/17/17
2/13/13,2/25/13
11/13/10,11/26/10
2/21/14,2/24/14
11/6/12,11/10/12
2/1/10,2/5/10
12/24/16,12/28/16
5/31/23,6/3/23
6/25/12,7/2/12
1/3/24,1/8/24
3/21/13,4/4/13
6/18/23,7/10/23
4/9/13,4/11/13
3/31/15,4/6/15
7/22/12,7/25/12
2/20/21,3/1/21
4/22/11,4/28/11
3/17/24,3/25/24
2/27/16,3/10/16
2/16/11,2/23/11
5/1/14,5/7/14
9/28/21,10/5/21
9/23/14,9/25/14
1/24/22,1/27/22
4/14/22,4/18/22
4/26/20,4/29/20
10/15/15,10/20/15
6/24/20,7/3/20
4/30/11,5/7/11
3/30/19,4/4/19
6/7/24,6/22/24
2/12/22,2/28/22
6/22/12,6/25/12
1/17/24,1/20/24
6/3/18,6/13/18
12/27/20,1/2/21
7/12/10,7/19/10
1/29/16,2/3/16
1/22/16,1/29/16
11/25/13,11/28/13
1/25/23,1/31/23
5/16/12,5/24/12
12/29/22,1/4/23
7/21/14,7/26/14
5/13/17,5/25/17
6/22/19,7/8/19
9/15/19,9/23/19
12/1/12,12/3/12
9/28/13,10/1/13
4/5/22,4/11/22
5/26/12,6/7/12
6/24/22,6/30/22
11/6/17,11/11/17
8/18/22,8/26/22
10/12/17,10/14/17
1/5/10,1/9/10
2/7/21,2/15/21
6/12/15,6/16/15
4/15/19,4/22/19
12/23/22,12/27/22
7/3/17,7/10/17
5/4/12,5/10/12
7/19/14,7/28/14
11/8/23,11/22/23
12/8/19,12/16/19
5/28/22,6/11/22
7/30/15,8/3/15
2/27/18,3/5/18
5/18/21,5/25/21
11/10/13,11/12/13
4/13/17,4/25/17
2/19/20,2/24/20
5/18/15,5/27/15
8/14/21,8/23/21
5/24/10,5/27/10
11/10/19,11/18/19
4/25/17,5/8/17
10/1/18,10/8/18
5/8/24,5/10/24
3/9/21,3/19/21
10/29/11,11/1/11
4/26/12,5/1/12
5/2/15,5/6/15
4/21/20,5/12/20
7/13/18,7/24/18
5/6/22,5/10/22
9/13/16,9/17/16
9/15/12,9/22/12
1/30/14,2/13/14
4/28/23,6/12/23
5/27/11,6/6/11
5/2/18,5/8/18
8/10/10,8/23/10
9/20/13,9/23/13
8/21/18,8/27/18
8/22/15,8/29/15
9/8/17,9/11/17
8/8/18,8/17/18
3/17/19,3/19/19
9/5/11,9/12/11
6/28/14,7/12/14
5/12/20,5/14/20
7/11/22,7/13/22
3/13/12,3/20/12
2/26/12,2/29/12
5/15/12,5/26/12
3/16/19,3/21/19
1/6/21,1/21/21
5/19/18,5/22/18
12/19/19,12/21/19
9/7/24,9/19/24
4/30/20,5/5/20
11/24/20,11/28/20
3/17/14,3/28/14
3/12/20,3/18/20
4/20/11,4/25/11
1/9/22,1/13/22
6/12/23,6/19/23
7/21/24,8/5/24
12/31/23,1/5/24
11/20/22,11/22/22
3/29/12,4/3/12
8/20/13,8/26/13
10/28/24,11/4/24
8/8/12,8/13/12
6/8/22,6/14/22
12/9/22,12/14/22
7/16/13,7/29/13
6/18/19,6/22/19
5/25/13,5/27/13
6/29/22,7/4/22
4/25/21,4/28/21
11/27/19,12/6/19
10/26/17,11/8/17
8/1/14,8/7/14
12/26/15,1/2/16
7/31/24,8/5/24
5/12/16,5/19/16
2/26/23,3/10/23
10/8/22,10/24/22
8/29/14,9/10/14
2/9/16,2/16/16
6/10/20,6/16/20
10/7/14,10/11/14
5/24/18,6/4/18
9/25/10,10/1/10
5/13/20,5/18/20
3/30/18,4/2/18
4/7/20,4/15/20
11/14/14,11/21/14
3/22/10,3/27/10
2/6/20,2/12/20
9/2/17,9/13/17
9/23/23,9/28/23
3/24/11,3/30/11
12/3/22,12/9/22
1/25/15,2/9/15
3/5/12,3/10/12
2/8/12,2/10/12
12/24/19,12/30/19
9/6/14,9/8/14
1/19/22,1/31/22
6/5/18,6/7/18
4/29/12,5/7/12
10/31/10,11/2/10
3/19/18,3/28/18
4/14/20,4/21/20
2/27/15,3/14/15
5/20/20,5/25/20
1/12/12,1/23/12
4/1/20,4/4/20
3/30/15,4/13/15
3/20/22,3/29/22
11/15/14,11/19/14
12/14/22,12/20/22
11/10/10,11/17/10
